{"cameraMode":{"drawMode":0,"name":"Shaded","section":"Shading Mode"},"sceneLighting":true,"audioPlay":false,"sceneViewState":{"m_AlwaysRefresh":false,"showFog":true,"showSkybox":true,"showFlares":true,"showImageEffects":true,"showParticleSystems":true,"showVisualEffectGraphs":true,"m_FxEnabled":true},"in2DMode":false,"pivot":{"x":2.180082321166992,"y":-0.6786727905273438,"z":14.625200271606446},"rotation":{"x":-0.34065040946006777,"y":0.2884606719017029,"z":-0.11065933108329773,"w":-0.8879783749580383},"size":24.646181106567384,"orthographic":false}